tema,status,observacao,tese
1,OK,,"A substituição processual, no polo ativo da execução, do exequente originário pelo cessionário dispensa a autorização ou o consentimento do devedor."
2,OK,,"Comprovada a validade do ato de cessão dos honorários advocatícios sucumbenciais, realizado por escritura pública, bem como discriminado no precatório o valor devido a título da respectiva verba advocatícia, deve-se reconhecer a legitimidade do cessionário para se habilitar no crédito consignado no precatório."
16,OK,,O INSS não está obrigado a efetuar depósito prévio do preparo por gozar das prerrogativas e privilégios da Fazenda Pública.
17,OK,,"A dispensa de reexame necessário, quando o valor da condenação ou do direito controvertido for inferior a sessenta salários mínimos, não se aplica a sentenças ilíquidas."
19,OK,,"Os débitos previdenciários remanescentes pagos mediante precatório, devem ser convertidos, à data do cálculo, em quantidade de Unidade Fiscal de Referência - UFIR ou em outra unidade de referência oficial que venha a substituí-la."
31,OK,,"A abstenção da inscrição/manutenção em cadastro de inadimplentes, requerida em antecipação de tutela e/ou medida cautelar, somente será deferida se, cumulativamente: i) a ação for fundada em questionamento integral ou parcial do débito; ii) houver demonstração de que a cobrança indevida se funda na aparência do bom direito e em jurisprudência consolidada do STF ou STJ; iii) houver depósito da parcela incontroversa ou for prestada a caução fixada conforme o prudente arbítrio do juiz. A inscrição/manutenção do nome do devedor em cadastro de inadimplentes decidida na sentença ou no acórdão observará o que for decidido no mérito do processo. Caracterizada a mora, correta a inscrição/manutenção."
32,EXCLUIR,Duplicado conceitual da tese do Tema 31.,"A abstenção da inscrição/manutenção em cadastro de inadimplentes, requerida em antecipação de tutela e/ou medida cautelar, somente será deferida se, cumulativamente: i) a ação for fundada em questionamento integral ou parcial do débito; ii) houver demonstração de que a cobrança indevida se funda na aparência do bom direito e em jurisprudência consolidada do STF ou STJ; iii) houver depósito da parcela incontroversa ou for prestada a caução fixada conforme o prudente arbítrio do juiz. A inscrição/manutenção do nome do devedor em cadastro de inadimplentes decidida na sentença ou no acórdão observará o que for decidido no mérito do processo. Caracterizada a mora, correta a inscrição/manutenção."
33,EXCLUIR,Duplicado conceitual da tese do Tema 31.,"A abstenção da inscrição/manutenção em cadastro de inadimplentes, requerida em antecipação de tutela e/ou medida cautelar, somente será deferida se, cumulativamente: i) a ação for fundada em questionamento integral ou parcial do débito; ii) houver demonstração de que a cobrança indevida se funda na aparência do bom direito e em jurisprudência consolidada do STF ou STJ; iii) houver depósito da parcela incontroversa ou for prestada a caução fixada conforme o prudente arbítrio do juiz. A inscrição/manutenção do nome do devedor em cadastro de inadimplentes decidida na sentença ou no acórdão observará o que for decidido no mérito do processo. Caracterizada a mora, correta a inscrição/manutenção."
34,EXCLUIR,Duplicado conceitual da tese do Tema 31.,"A abstenção da inscrição/manutenção em cadastro de inadimplentes, requerida em antecipação de tutela e/ou medida cautelar, somente será deferida se, cumulativamente: i) a ação for fundada em questionamento integral ou parcial do débito; ii) houver demonstração de que a cobrança indevida se funda na aparência do bom direito e em jurisprudência consolidada do STF ou STJ; iii) houver depósito da parcela incontroversa ou for prestada a caução fixada conforme o prudente arbítrio do juiz. A inscrição/manutenção do nome do devedor em cadastro de inadimplentes decidida na sentença ou no acórdão observará o que for decidido no mérito do processo. Caracterizada a mora, correta a inscrição/manutenção."
39,OK,,"A mera existência de ação tendo por objeto a declaração de nulidade de registro imobiliário não é suficiente para se concluir pela ilegitimidade ativa daquele que, com base nesse mesmo registro, ajuíza ação reivindicatória."
42,OK,,"Falta ao autor interesse de agir para a ação em que postula a obtenção de documentos com dados societários, se não logra demonstrar haver apresentado requerimento formal à ré nesse sentido."
43,OK,,A comprovação do pagamento do 'custo do serviço' referente ao fornecimento de certidão de assentamentos constantes dos livros da companhia é requisito de procedibilidade da ação de exibição de documentos ajuizada em face da sociedade anônima.
47,OK,,A presunção de veracidade contida no art. 359 do Código de Processo Civil não se aplica às ações cautelares de exibição de documentos.
50,EXCLUIR,"Excluído por regra: aguardando julgamento, irrelevante ou instrução de tema correlato.",Aguardando julgamento de mérito
55,OK,,"Em se tratando de contratos celebrados no âmbito do Sistema Financeiro da Habitação, a execução extrajudicial de que trata o Decreto-lei nº 70/66, enquanto perdurar a demanda, poderá ser suspensa, uma vez preenchidos os requisitos para a concessão da tutela cautelar, independentemente de caução ou do depósito de valores incontroversos, desde que: a) exista discussão judicial contestando a existência integral ou parcial do débito; b) essa discussão esteja fundamentada em jurisprudência do Superior Tribunal de Justiça ou do Supremo Tribunal Federal (fumus boni iuris)."
60,OK,,"Ajuizada ação coletiva atinente a macro-lide geradora de processos multitudinários, suspendem-se as ações individuais, no aguardo do julgamento da ação coletiva."
76,OK,,"Em demandas sobre a legitimidade da cobrança de tarifas por serviço de telefonia, movidas por usuário contra a concessionária, não se configura hipótese de litisconsórcio passivo necessário da ANATEL."
82,OK,,"A citação válida, ainda que por edital, tem o condão de interromper o fluxo do prazo prescricional."
84,OK,,"Tratando-se de fornecimento de medicamentos, cabe ao Juiz adotar medidas eficazes à efetivação de suas decisões, podendo, se necessário, determinar até mesmo o sequestro de valores do devedor (bloqueio), segundo o seu prudente arbítrio, e sempre com adequada fundamentação."
98,OK,,"Possibilidade de imposição de multa diária (astreintes) a ente público, para compeli-lo a fornecer medicamento à pessoa desprovida de recursos financeiros."
102,OK,,A citação por edital na execução fiscal é cabível quando frustradas as demais modalidades.
103,OK,,"Se a execução foi ajuizada apenas contra a pessoa jurídica, mas o nome do sócio consta da CDA, a ele incumbe o ônus da prova de que não ficou caracterizada nenhuma das circunstâncias previstas no art. 135 do CTN, ou seja, não houve a prática de atos 'com excesso de poderes ou infração de lei, contrato social ou estatutos'."
104,OK,,A exceção de pré-executividade é admissível na execução fiscal relativamente às matérias conhecíveis de ofício que não demandem dilação probatória.
108,OK,,Não cabe exceção de pré-executividade em execução fiscal promovida contra sócio que figura como responsável na Certidão de Dívida Ativa - CDA.
115,OK,,"Mostra-se suficiente para autorizar o pleito repetitório a juntada de apenas um comprovante de pagamento da taxa de iluminação pública, pois isso demonstra que era suportada pelo contribuinte uma exação que veio a ser declarada inconstitucional. A definição dos valores exatos objeto de devolução será feita por liquidação de sentença, na qual obrigatoriamente deverá ocorrer a demonstração do quantum recolhido indevidamente."
118,OK,,"Tese firmada pela Primeira Seção no julgamento do REsp n. 1.111.164/BA, acórdão publicado no DJe de 25/05/2009: É necessária a efetiva comprovação do recolhimento feito a maior ou indevidamente para fins de declaração do direito à compensação tributária em sede de mandado de segurança. Tese fixada nos REsps n. 1.365.095/SP e 1.715.256/SP (acórdãos publicados no DJe de 11/3/2019), explicitando o definido mencionada tese: (a) tratando-se de Mandado de Segurança impetrado com vistas a declarar o direito à compensação tributária, em virtude do reconhecimento da ilegalidade ou inconstitucionalidade da anterior exigência da exação, independentemente da apuração dos respectivos valores, é suficiente, para esse efeito, a comprovação cabal de que o impetrante ocupa a posição de credor tributário, visto que os comprovantes de recolhimento indevido serão exigidos posteriormente, na esfera administrativa, quando o procedimento de compensação for submetido à verificação pelo Fisco; e (b) tratando-se de Mandado de Segurança com vistas a obter juízo específico sobre as parcelas a serem compensadas, com efetiva alegação da liquidez e certeza dos créditos, ou, ainda, na hipótese em que os efeitos da sentença supõem a efetiva homologação da compensação a ser realizada, o crédito do Contribuinte depende de quantificação, de modo que a inexistência de comprovação suficiente dos valores indevidamente recolhidos representa a ausência de prova pré-constituída indispensável à propositura da ação mandamental."
120,OK,,A Fazenda Pública pode recusar a substituição do bem penhorado por precatório.
127,OK,,"A responsabilidade pela apresentação dos extratos analíticos das contas vinculadas do FGTS é exclusiva da Caixa Econômica Federal, inclusive com relação aos extratos anteriores à migração das contas que não tenham sido transferidas à CEF."
128,OK,,Os honorários advocatícios não são devidos à Defensoria Pública quando ela atua contra a pessoa jurídica de direito público à qual pertença.
129,OK,,Reconhece-se à Defensoria Pública o direito ao recebimento dos honorários advocatícios se a atuação se dá em face de ente federativo diverso do qual é parte integrante.
130,OK,,"O Supremo Tribunal Federal deferiu medida cautelar na ADI nº 2.189-3 para suspender as normas contidas na Lei Estadual nº 12.398/98, que dispõe sobre as contribuições dos inativos e pensionistas para o fundo de previdência dos servidores públicos do Estado do Paraná, sem, no entanto, atribuir- lhe efeito retroativo. A cautela assim deferida não impede o prosseguimento dos processos visando justamente afastar a aplicação da lei ou do ato normativo suspenso em decisão provida de eficácia erga omnes, tampouco o ajuizamento de novas ações que tenham por fundamento a restituição dos valores cobrados em virtude da norma excluída do mundo jurídico, ainda que em caráter precário."
131,OK,,"O termo inicial para a oposição dos Embargos à Execução Fiscal é a data da efetiva intimação da penhora, e não a da juntada aos autos do mandado cumprido."
133,OK,,"A autenticação de cópias do Agravo de Instrumento do artigo 522, do CPC, resulta como diligência não prevista em lei, em face do acesso imediato aos autos principais, propiciado na instância local. A referida providência somente se impõe diante da impugnação específica da parte adversa."
134,OK,,"Em execução fiscal, a prescrição ocorrida antes da propositura da ação pode ser decretada de ofício (art. 219, § 5º, do CPC)."
136,OK,,É cabível a interposição de agravo de instrumento contra decisão de magistrado de primeira instância que indefere ou concede liminar em mandado de segurança.
143,OK,,"Em casos de extinção de execução fiscal em virtude de cancelamento de débito pela exequente, define a necessidade de se perquirir quem deu causa à demanda a fim de imputar-lhe o ônus pelo pagamento dos honorários advocatícios."
145,OK,,"Aplica-se a taxa SELIC, a partir de 1º.1.1996, na atualização monetária do indébito tributário, não podendo ser cumulada, porém, com qualquer outro índice, seja de juros ou atualização monetária. Se os pagamentos foram efetuados após 1º.1.1996, o termo inicial para a incidência do acréscimo será o do pagamento indevido; havendo pagamentos indevidos anteriores à data de vigência da Lei 9.250/95, a incidência da taxa SELIC terá como termo a quo a data de vigência do diploma legal em tela, ou seja, janeiro de 1996."
166,OK,,"A Fazenda Pública pode substituir a certidão de dívida ativa (CDA) até a prolação da sentença de embargos, quando se tratar de correção de erro material ou formal, vedada a modificação do sujeito passivo da execução."
172,OK,,"Demanda envolvendo questões referentes ao empréstimo compulsório sobre energia elétrica proposta unicamente contra a Eletrobrás, perante a justiça estadual. (...) O pedido de intervenção da União realizado após a prolação da sentença enseja tão somente o deslocamento do processo para o Tribunal Regional Federal, para que examine o requerimento de ingresso na lide e prossiga (se for o caso) seu julgamento, sem a automática anulação da sentença proferida pelo juízo estadual."
175,OK,,"Seja porque o art. 530 do CPC não faz restrição quanto à natureza da matéria objeto dos embargos infringentes - apenas exige que a sentença de mérito tenha sido reformada em grau de apelação por maioria de votos -, seja porque o capítulo da sentença que trata dos honorários é de mérito, embora acessório e dependente, devem ser admitidos os embargos infringentes para discutir verba de sucumbência."
176,OK,,"Tendo sido a sentença exequenda prolatada anteriormente à entrada em vigor do Novo Código Civil, fixado juros de 6% ao ano, correto o entendimento do Tribunal de origem ao determinar a incidência de juros de 6% ao ano até 11 de janeiro de 2003 e, a partir de então, da taxa a que alude o art. 406 do Novo CC, conclusão que não caracteriza qualquer violação à coisa julgada."
182,OK,,É dispensado o curador especial de oferecer garantia ao Juízo para opor embargos à execução.
184,OK,,"O valor dos honorários advocatícios em sede de desapropriação deve respeitar os limites impostos pelo artigo 27, § 1º, do Decreto-lei 3.365/41 - qual seja: entre 0,5% e 5% da diferença entre o valor proposto inicialmente pelo imóvel e a indenização imposta judicialmente."
193,OK,,"Os Estados da Federação são partes legítimas para figurar no pólo passivo das ações propostas por servidores públicos estaduais, que visam o reconhecimento do direito à isenção ou à repetição do indébito relativo ao imposto de renda retido na fonte."
194,OK,,"Opostos embargos declaratórios de decisão colegiada, o relator poderá negar seguimento monocraticamente, com base no caput do artigo 557 do CPC."
195,OK,,"Os honorários advocatícios devem ser compensados quando houver sucumbência recíproca, assegurado o direito autônomo do advogado à execução do saldo sem excluir a legitimidade da própria parte."
197,OK,,Os juros de mora na indenização do seguro DPVAT fluem a partir da citação.
204,OK,,"Nas demandas que tratam da atualização monetária dos saldos das contas vinculadas do FGTS, a legitimidade passiva ad causam é exclusiva da Caixa Econômica Federal, por ser gestora do Fundo, com a exclusão da União e dos bancos depositários (Súmula 249/STJ)."
206,EXCLUIR,Duplicado conceitual da tese do Tema 204.,"Nas demandas que tratam da atualização monetária dos saldos das contas vinculadas do FGTS, a legitimidade passiva ad causam é exclusiva da Caixa Econômica Federal, por ser gestora do Fundo, com a exclusão da União e dos bancos depositários (Súmula 249/STJ)"
209,OK,,O promitente vendedor é parte legítima para figurar no pólo passivo da execução fiscal que busca a cobrança de ITR nas hipóteses em que não há registro imobiliário do ato translativo de propriedade.
218,OK,,"A penhora on line, antes da entrada em vigor da Lei n. 11.382/2006, configura-se como medida excepcional, cuja efetivação está condicionada à comprovação de que o credor tenha tomado todas as diligências no sentido de localizar bens livres e desembaraçados de titularidade do devedor."
219,OK,,"Após o advento da Lei n. 11.382/2006, o Juiz, ao decidir acerca da realização da penhora on line, não pode mais exigir a prova, por parte do credor, de exaurimento de vias extrajudiciais na busca de bens a serem penhorados."
220,OK,,Descabe a prisão civil do depositário judicial infiel.
222,OK,,"Os honorários sucumbenciais, quando omitidos em decisão transitada em julgado, não podem ser cobrados em execução ou em ação própria."
228,OK,,"O contribuinte pode optar por receber, por meio de precatório ou por compensação, o indébito tributário certificado por sentença declaratória transitada em julgado"
231,OK,,"Os Procuradores Federais e os Procuradores do Banco Central, consoante preconizado no art. 17 da Lei 10.910, de 15 de julho de 2004, têm como prerrogativa o recebimento da intimação pessoal."
235,OK,,"A correção monetária é matéria de ordem pública, integrando o pedido de forma implícita, razão pela qual sua inclusão ex officio, pelo juiz ou tribunal, não caracteriza julgamento extra ou ultra petita, hipótese em que prescindível o princípio da congruência entre o pedido e a decisão judicial."
236,OK,,"Em processo de execução, o terceiro afetado pela constrição judicial de seus bens poderá opor embargos de terceiro à execução ou interpor recurso contra a decisão constritiva, na condição de terceiro prejudicado."
239,OK,,"A Súmula 343, do Supremo Tribunal Federal, cristalizou o entendimento de que não cabe ação rescisória por ofensa a literal disposição de lei, quando a decisão rescindenda se tiver baseado em texto legal de interpretação controvertida nos tribunais. A ação rescisória resta cabível, se, à época do julgamento cessara a divergência, hipótese em que o julgado divergente, ao revés de afrontar a jurisprudência, viola a lei que confere fundamento jurídico ao pedido."
241,OK,,"O depósito prévio previsto no art. 38, da LEF, não constitui condição de procedibilidade da ação anulatória, mas mera faculdade do autor, para o efeito de suspensão da exigibilidade do crédito tributário, nos termos do art. 151 do CTN, inibindo, dessa forma, o ajuizamento da ação executiva fiscal."
243,OK,,"Para fins do art. 543-c do CPC, firma-se a seguinte orientação: 1.1. É indispensável citação válida para configuração da fraude de execução, ressalvada a hipótese prevista no § 3º do art. 615-A do CPC. 1.2. O reconhecimento da fraude de execução depende do registro da penhora do bem alienado ou da prova de má-fé do terceiro adquirente (Súmula n. 375/STJ). 1.3. A presunção de boa-fé é princípio geral de direito universalmente aceito, sendo milenar parêmia: a boa-fé se presume; a má-fé se prova. 1.4. Inexistindo registro da penhora na matrícula do imóvel, é do credor o ônus da prova de que o terceiro adquirente tinha conhecimento de demanda capaz de levar o alienante à insolvência, sob pena de torna-se letra morta o disposto no art. 659, § 4º, do CPC. 1.5. Conforme previsto no § 3º do art. 615-A do CPC, presume-se em fraude de execução a alienação ou oneração de bens realizada após averbação referida no dispositivo"
249,OK,,"O prosseguimento da execução fiscal (pelo valor remanescente daquele constante do lançamento tributário ou do ato de formalização do contribuinte fundado em legislação posteriormente declarada inconstitucional em sede de controle difuso) revela-se forçoso em face da suficiência da liquidação do título executivo, consubstanciado na sentença proferida nos embargos à execução, que reconheceu o excesso cobrado pelo Fisco, sobressaindo a higidez do ato de constituição do crédito tributário, o que, a fortiori, dispensa a emenda ou substituição da certidão de dívida ativa (CDA)."
258,OK,,É incabível o mandado de segurança para convalidar a compensação tributária realizada pelo contribuinte.
260,OK,,"O reforço da penhora não pode ser deferido ex officio, a teor dos artigos 15, II, da LEF e 685 do CPC."
262,OK,,"A prescrição, causa extintiva do crédito tributário, é passível de ser veiculada em exceção de pré- executividade, máxime quando fundada na inconstitucionalidade."
284,OK,,"O descumprimento das providências enumeradas no caput do art. 526 do CPC, adotáveis no prazo de três dias, somente enseja as consequências dispostas em seu parágrafo único se o agravado suscitar a questão formal no momento processual oportuno, sob pena de preclusão."
285,OK,,"A ausência ou o equívoco quanto ao número da inscrição do advogado na Ordem dos Advogados do Brasil - OAB não gera nulidade da intimação da sentença, máxime quando corretamente publicados os nomes das partes e respectivos patronos, informações suficientes para a identificação da demanda."
286,OK,,"A ausência ou o equívoco quanto ao número da inscrição do advogado na Ordem dos Advogados do Brasil - OAB não gera nulidade da intimação da sentença, máxime quando corretamente publicados os nomes das partes e respectivos patronos, informações suficientes para a identificação da demanda. Nada obstante, é certo que a existência de homonímia torna relevante o equívoco quanto ao número da inscrição na OAB, uma vez que a parte é induzida em erro, sofrendo prejuízo imputável aos serviçosjudiciários."
287,OK,,É legítima a penhora da sede do estabelecimento comercial.
288,OK,,"É admissível o ajuizamento de novos embargos de devedor, ainda que nas hipóteses de reforço ou substituição da penhora, quando a discussão adstringir-se aos aspectos formais do novo ato constritivo."
289,OK,,"A renúncia ao crédito exequendo remanescente, com a consequente extinção do processo satisfativo, reclama prévia intimação, vedada a presunção de renúncia tácita."
290,OK,,"Se o ato translativo foi praticado a partir de 09.06.2005, data de início da vigência da Lei Complementar n.º 118/2005, basta a efetivação da inscrição em dívida ativa para a configuração da figura da fraude."
291,OK,,Questão referente à incidência de juros moratórios entre a data da expedição da Requisição de Pequeno Valor - RPV e seu efetivo pagamento.
292,OK,,"Incide correção monetária no período compreendido entre a elaboração dos cálculos e o efetivo pagamento da RPV, ressalvada a observância dos critérios de atualização porventura fixados na sentença de liquidação."
294,OK,,"A compensação efetuada pelo contribuinte, antes do ajuizamento do feito executivo, pode figurar como fundamento de defesa dos embargos à execução fiscal, a fim de ilidir a presunção de liquidez e certeza da CDA, máxime quando, à época da compensação, restaram atendidos os requisitos da existência de crédito tributário compensável, da configuração do indébito tributário, e da existência de lei específica autorizativa da citada modalidade extintiva do crédito tributário."
298,EXCLUIR,"Excluído por regra: aguardando julgamento, irrelevante ou instrução de tema correlato.",Observar temas referentes a expurgos inflacionários no STF
299,EXCLUIR,"Excluído por regra: aguardando julgamento, irrelevante ou instrução de tema correlato.",Observar temas referentes a expurgos inflacionários no STF
314,OK,,"A inércia da Fazenda exequente, ante a intimação regular para promover o andamento do feito e a observância dos artigos 40 e 25 da Lei de Execução Fiscal, implica a extinção da execução fiscal não embargada ex officio, afastando-se o Enunciado Sumular 240 do STJ, segundo o qual 'A extinção do processo, por abandono da causa pelo autor, depende de requerimento do réu'. Matéria impassível de ser alegada pela exequente contumaz."
315,OK,,A parte autora pode eleger apenas um dos devedores solidários para figurar no pólo passivo da demanda. (...) A possibilidade de escolha de um dos devedores solidários afasta a figura do litisconsórcio compulsório ou necessário.
316,OK,,A incidência do duplo grau de jurisdição obrigatório é imperiosa quando a resolução do processo cognitivo for anterior à reforma engendrada pela Lei 10.352/2001.
317,OK,,"O devedor não tem assegurado o direito de ser executado no foro de seu domicílio, salvo se nenhuma das espécies do parágrafo único se verificar."
320,OK,,"É inadmissível a conversão, de ofício ou a requerimento das partes, da execução em ação monitória após ter ocorrido a citação."
321,OK,,"O prazo do art. 284 do Código de Processo Civil não é peremptório, mas dilatório, ou seja, pode ser reduzido ou ampliado por convenção das partes ou por determinação do juiz."
344,OK,,"Em se tratando de ato que impede a permanência da pessoa jurídica no SIMPLES em decorrência da superveniência de situação impeditiva prevista no artigo 9º, incisos III a XIV e XVII a XIX, da Lei 9.317/1996, seus efeitos são produzidos a partir do mês subsequente à data da ocorrência da circunstância excludente, nos exatos termos do artigo 15, inciso II, da mesma lei."
347,OK,,"Nas demandas de cunho declaratório, até por inexistir condenação pecuniária que possa servir de base de cálculo, os honorários devem ser fixados com referência no valor da causa ou em montante fixo."
348,OK,,"A Câmara de Vereadores não possui personalidade jurídica, mas apenas personalidade judiciária, de modo que somente pode demandar em juízo para defender os seus direitos institucionais, entendidos esses como sendo os relacionados ao funcionamento, autonomia e independência do órgão. No caso, a Câmara de Vereadores do Município de Lagoa do Piauí/PI ajuizou ação ordinária inibitória com pedido de tutela antecipada contra a Fazenda Nacional e o INSS, objetivando afastar a incidência da contribuição previdenciária sobre os vencimentos pagos aos próprios vereadores. Não se trata, portanto, de defesa de prerrogativa institucional, mas de pretensão de cunho patrimonial."
353,OK,,Não se cogita perempção da execução extrajudicial na hipótese do não cumprimento do prazo estabelecido pelo § 1º do art. 31 do Decreto-lei n. 70/66
359,OK,,"A fixação de percentual relativo aos juros moratórios, após a edição da Lei 9.250/95, em decisão que transitou em julgado, impede a inclusão da Taxa SELIC em fase de liquidação de sentença, sob pena de violação ao instituto da coisa julgada, porquanto a referida taxa engloba juros e correção monetária, não podendo ser cumulada com qualquer outro índice de atualização."
373,OK,,"A execução fiscal proposta pela União e suas autarquias deve ser ajuizada perante o Juiz de Direito da comarca do domicílio do devedor, quando esta não for sede de vara da justiça federal. A decisão do Juiz Federal, que declina da competência quando a norma do art. 15, I, da Lei nº 5.010, de 1966 deixa de ser observada, não está sujeita ao enunciado da Súmula nº 33 do Superior Tribunal de Justiça."
376,OK,,"A intimação da parte agravada para resposta é procedimento natural de preservação do princípio do contraditório, nos termos do art. 527, V, do CPC. (...) A dispensa do referido ato processual ocorre tão-somente quando o relator nega seguimento ao agravo (art. 527, I), uma vez que essa decisão beneficia o agravado, razão pela qual conclui-se que a intimação para a apresentação de contrarrazões é condição de validade da decisão que causa prejuízo ao recorrente."
377,EXCLUIR,Duplicado conceitual da tese do Tema 376.,"A intimação da parte agravada para resposta é procedimento natural de preservação do princípio do contraditório, nos termos do art. 527, V, do CPC. (...) A dispensa do referido ato processual ocorre tão-somente quando o relator nega seguimento ao agravo (art. 527, I), uma vez que essa decisão beneficia o agravado, razão pela qual conclui-se que a intimação para a apresentação de contrarrazões é condição de validade da decisão que causa prejuízo ao recorrente."
379,OK,,"Nos casos de intimação/citação realizadas por Correio, Oficial de Justiça, ou por Carta de Ordem, Precatória ou Rogatória, o prazo recursal inicia-se com a juntada aos autos do aviso de recebimento, do mandado cumprido, ou da juntada da carta."
380,OK,,"No caso de sentença ilíquida, para a imposição da multa prevista no art. 475-J do CPC, revela-se indispensável (i) a prévia liquidação da obrigação; e, após, o acertamento, (ii) a intimação do devedor, na figura do seu Advogado, para pagar o quantum ao final definido no prazo de 15 dias."
391,OK,,"O juízo do inventário, na modalidade de arrolamento sumário, não detém competência para apreciar pedido de reconhecimento da isenção do ITCMD (Imposto sobre Transmissão <i>Causa Mortis</i> e Doação de quaisquer Bens ou Direitos), à luz do disposto no caput do artigo 179, do CTN."
392,OK,,"A reunião de processos contra o mesmo devedor, por conveniência da unidade da garantia da execução, nos termos do art. 28 da Lei 6.830/80, é uma faculdade outorgada ao juiz, e não um dever."
393,OK,,"O crédito tributário de autarquia federal goza do direito de preferência em relação àquele de que seja titular a Fazenda Estadual, desde que a penhora recaia sobre o mesmo bem."
395,OK,,"Adota-se como valor de alçada para o cabimento de apelação em sede de execução fiscal o valor de R$ 328,27 (trezentos e vinte e oito reais e vinte e sete centavos), corrigido pelo IPCA-E a partir de janeiro de 2001, valor esse que deve ser observado à data da propositura da execução."
396,OK,,"Ainda que a execução fiscal tenha sido ajuizada na Justiça Federal (o que afasta a incidência da norma inserta no artigo 1º, § 1º, da Lei 9.289/96), cabe à Fazenda Pública Federal adiantar as despesas com o transporte/condução/deslocamento dos oficiais de justiça necessárias ao cumprimento da carta precatória de penhora e avaliação de bens (processada na Justiça Estadual), por força do princípio hermenêutico <i>ubi eadem ratio ibi eadem legis dispositio</i>."
400,OK,,"A condenação, em honorários advocatícios, do contribuinte, que formula pedido de desistência dos embargos à execução fiscal de créditos tributários da Fazenda Nacional, para fins de adesão a programa de parcelamento fiscal, configura inadmissível bis in idem, tendo em vista o encargo estipulado no Decreto-lei 1.025/69."
407,OK,,"São cabíveis honorários advocatícios em fase de cumprimento de sentença, haja ou não impugnação, depois de escoado o prazo para pagamento voluntário a que alude o art. 475-J do CPC, que somente se inicia após a intimação do advogado, com a baixa dos autos e a aposição do 'cumpra- se'."
408,OK,,Não são cabíveis honorários advocatícios pela rejeição da impugnação ao cumprimento de sentença.
409,OK,,"Em caso de sucesso da impugnação, com extinção do feito mediante sentença (art. 475-M, § 3º), revela-se que quem deu causa ao procedimento de cumprimento de sentença foi o exequente, devendo ele arcar com as verbas advocatícias."
410,OK,,"O acolhimento ainda que parcial da impugnação gerará o arbitramento dos honorários, que serão fixados nos termos do art. 20, § 4º, do CPC, do mesmo modo que o acolhimento parcial da exceção de pré-executividade, porquanto, nessa hipótese, há extinção também parcial da execução."
413,OK,,"Admite-se que o preparo seja efetuado no primeiro dia útil subsequente, quando a interposição do recurso ocorrer após o encerramento do expediente bancário."
421,OK,,É possível a condenação da Fazenda Pública ao pagamento de honorários advocatícios em decorrência da extinção da Execução Fiscal pelo acolhimento de Exceção de Pré-Executividade.
425,OK,,"A utilização do Sistema BACEN-JUD, no período posterior à vacatio legis da Lei 11.382/2006 (21.01.2007), prescinde do exaurimento de diligências extrajudiciais, por parte do exequente, a fim de se autorizar o bloqueio eletrônico de depósitos ou aplicações financeiras."
430,OK,,"No pertinente a impetração de ação mandamental contra lei em tese, a jurisprudência desta Corte Superior embora reconheça a possibilidade de mandado de segurança invocar a inconstitucionalidade da norma como fundamento para o pedido, não admite que a declaração de inconstitucionalidade,constitua,elaprópria, pedido autônomo."
433,OK,,Não são devidos honorários advocatícios à Defensoria Pública quando ela atua contra pessoa jurídica de direito público integrante da mesma Fazenda Pública.
434,OK,,"O agravo interposto contra decisão monocrática do Tribunal de origem, com o objetivo de exaurir a instância recursal ordinária, a fim de permitir a interposição de recurso especial e do extraordinário, não é manifestamente inadmissível ou infundado, o que torna inaplicável a multa prevista no art. 557, §2º,do Código de Processo Civil."
437,OK,,"Não configura cerceamento de defesa o julgamento antecipado da lide, ante os elementos documentais suficientes."
441,OK,,"A condenação em montante inferior ao postulado na inicial não afasta a sucumbência mínima, de modo que não se redistribuem os ônus da sucumbência."
443,OK,,"É permitido ao juiz da execução, diante da natureza alimentar do crédito e do estado de necessidade dos exequentes, a dispensa da contracautela para o levantamento do crédito, limitado, contudo, a 60 (sessenta) vezes o salário mínimo."
444,OK,,"(i) o prazo de redirecionamento da Execução Fiscal, fixado em cinco anos, contado da diligência de citação da pessoa jurídica, é aplicável quando o referido ato ilícito, previsto no art. 135, III, do CTN, for precedente a esse ato processual; (ii) a citação positiva do sujeito passivo devedor original da obrigação tributária, por si só, não provoca o início do prazo prescricional quando o ato de dissolução irregular for a ela subsequente, uma vez que, em tal circunstância, inexistirá, na aludida data (da citação), pretensão contra os sócios- gerentes (conforme decidido no REsp 1.101.728/SP, no rito do art. 543-C do CPC/1973, o mero inadimplemento da exação não configura ilícito atribuível aos sujeitos de direito descritos no art. 135 do CTN). O termo inicial do prazo prescricional para a cobrança do crédito dos sócios-gerentes infratores, nesse contexto, é a data da prática de ato inequívoco indicador do intuito de inviabilizar a satisfação do crédito tributário já em curso de cobrança executiva promovida contra a empresa contribuinte, a ser demonstrado pelo Fisco, nos termos do art. 593 do CPC/1973 (art. 792 do novo CPC - fraude à execução), combinado com o art. 185 do CTN (presunção de fraude contra a Fazenda Pública); e, (iii) em qualquer hipótese, a decretação da prescrição para o redirecionamento impõe seja demonstrada a inércia da Fazenda Pública, no lustro que se seguiu à citação da empresa originalmente devedora (REsp 1.222.444/RS) ou ao ato inequívoco mencionado no item anterior (respectivamente, nos casos de dissolução irregular precedente ou superveniente à citação da empresa), cabendo às instâncias ordinárias o exame dos fatos e provas atinentes à demonstração da prática de atos concretos na direção da cobrança do crédito tributário no decurso do prazo prescricional."
450,OK,,"O § 2º do art. 6º da Lei n. 9.469/1997, que obriga à repartição dos honorários advocatícios, é inaplicável a acordos ou transações celebrados em data anterior à sua vigência."
452,OK,,"Na fase cognitiva, foi assegurado a servidores do Município de São Paulo reajuste de vencimentos, para o mês de fevereiro de 1995, com base nas Leis 10.668/88 e 10.722/89, sem fixação de percentual. A discussão, na fase de liquidação, a respeito dos supervenientes reajustes concedidos pela legislação municipal (Lei 12.397/97) e seus reflexos no cálculo do percentual devido e no cumprimento da condenação imposta envolve exclusivamente interpretação e aplicação de direito local, insuscetível de reexame por recurso especial. Aplicação, por analogia, da Súmula 280 do STF."
453,OK,,"As despesas relativas à remoção, guarda e conservação de veículo apreendido no caso de arrendamento mercantil, independentemente da natureza da infração que deu origem à apreensão do veículo e ainda que haja posterior retomada da posse do bem pelo arrendante, são da responsabilidade do arrendatário, que se equipara ao proprietário enquanto em vigor o contrato de arrendamento (cf. artigo 4º da Resolução Contran nº 149/2003)."
459,OK,,"O recurso adesivo pode ser interposto pelo autor da demanda indenizatória, julgada procedente, quando arbitrado, a título de danos morais, valor inferior ao que era almejado, uma vez configurado o interesse recursal do demandante em ver majorada a condenação, hipótese caracterizadora de sucumbência material."
462,OK,,"No agravo do artigo 522 do CPC, entendendo o Julgador ausente peças necessárias para a compreensão da controvérsia, deverá ser indicado quais são elas, para que o recorrente complemente o instrumento."
471,OK,,"Descabe ação do terceiro prejudicado ajuizada direta e exclusivamente em face da Seguradora do apontado causador do dano. No seguro de responsabilidade civil facultativo a obrigação da Seguradora de ressarcir danos sofridos por terceiros pressupõe a responsabilidade civil do segurado, a qual, de regra, não poderá ser reconhecida em demanda na qual este não interveio, sob pena de vulneração do devido processo legal e da ampla defesa."
474,OK,,"A petição inicial da ação monitória para cobrança de soma em dinheiro deve ser instruída com demonstrativo de débito atualizado até a data do ajuizamento, assegurando-se, na sua ausência ou insuficiência, o direito da parte de supri-la, nos termos do art. 284 do CPC."
480,OK,,"A liquidação e a execução individual de sentença genérica proferida em ação civil coletiva pode ser ajuizada no foro do domicílio do beneficiário, porquanto os efeitos e a eficácia da sentença não estão circunscritos a lindes geográficos, mas aos limites objetivos e subjetivos do que foi decidido, levando-se em conta, para tanto, sempre a extensão do dano e a qualidade dos interesses metaindividuais postos em juízo (arts. 468, 472 e 474, CPC e 93 e 103, CDC)."
481,OK,,"A sentença genérica proferida na ação civil coletiva ajuizada pela Apadeco, que condenou o Banestado ao pagamento dos chamados expurgos inflacionários sobre cadernetas de poupança, dispôs que seus efeitos alcançariam todos os poupadores da instituição financeira do Estado do Paraná. Por isso descabe a alteração do seu alcance em sede de liquidação/execução individual, sob pena de vulneração da coisa julgada. Assim, não se aplica ao caso a limitação contida no art. 2º-A, caput,da Lei n. 9.494/97."
482,OK,,"A sentença genérica prolatada no âmbito da ação civil coletiva, por si, não confere ao vencido o atributo de devedor de 'quantia certa ou já fixada em liquidação' (art. 475-J do CPC), porquanto, 'em caso de procedência do pedido, a condenação será genérica', apenas 'fixando a responsabilidade do réu pelos danos causados' (art. 95 do CDC). A condenação, pois, não se reveste de liquidez necessária ao cumprimento espontâneo do comando sentencial, não sendo aplicável a reprimenda prevista no art. 475-J do CPC."
506,OK,,"Hipótese de ocorrência da preclusão lógica a que se refere o legislador no art. 503 do CPC, segundo o qual 'A parte, que aceitar expressa ou tacitamente a sentença ou a decisão, não poderá recorrer'. Isso porque, apesar da expressa postulação de arbitramento dos honorários na inicial da execução de sentença, não houve pronunciamento do magistrado por ocasião do despacho citatório, sobrevindo petição dos recorridos em momento posterior à citação apenas para postular a retenção do valor dos honorários contratuais, sem reiteração da verba de sucumbência. (...) Ainda que não se trate propriamente de ação autônoma, por compreensão extensiva, incide o enunciado da Súmula 453/STJ quando a parte exequente reitera o pedido formulado na inicial da execução - a fim de arbitrar os honorários advocatícios sucumbenciais - após o pagamento da execução e o consequente arquivamento do feito."
507,OK,,"A multa prevista no artigo 538, parágrafo único, do Código de Processo Civil tem caráter eminentemente administrativo - punindo conduta que ofende a dignidade do tribunal e a função pública do processo -, sendo possível sua cumulação com a sanção prevista nos artigos 17, VII e 18, § 2º, do Código de Processo Civil, de natureza reparatória."
508,OK,,"O representante da Fazenda Pública Municipal (caso dos autos), em sede de execução fiscal e respectivos embargos, possui a prerrogativa de ser intimado pessoalmente, em virtude do disposto no art. 25 da Lei 6.830/80, sendo que tal prerrogativa também é assegurada no segundo grau de jurisdição, razão pela qual não é válida, nessa situação, a intimação efetuada, exclusivamente, por meio da imprensa oficial ou carta registrada."
509,OK,,"Com a atual redação do art. 475-N, inc. I, do CPC, atribuiu-se 'eficácia executiva' às sentenças 'que reconhecem a existência de obrigação de pagar quantia'."
510,OK,,"Não é possível se exigir do Ministério Público o adiantamento de honorários periciais em ações civis públicas. Ocorre que a referida isenção conferida ao Ministério Público em relação ao adiantamento dos honorários periciais não pode obrigar que o perito exerça seu ofício gratuitamente, tampouco transferir ao réu o encargo de financiar ações contra ele movidas. Dessa forma, considera-se aplicável, por analogia, a Súmula n. 232 desta Corte Superior ('A Fazenda Pública, quando parte no processo, fica sujeita à exigência do depósito prévio dos honorários do perito'), a determinar que a Fazenda Pública ao qual se acha vinculado o Parquet arque com tais despesas."
523,OK,,"No caso de cessão de direitos sobre imóvel financiado no âmbito do Sistema Financeiro da Habitação realizada após 25/10/1996, a anuência da instituição financeira mutuante é indispensável para que o cessionário adquira legitimidade ativa para requerer revisão das condições ajustadas, tanto para os contratos garantidos pelo FCVS como para aqueles sem a cobertura do mencionado Fundo."
524,OK,,"Após o oferecimento da contestação, não pode o autor desistir da ação, sem o consentimento do réu (art. 267, § 4º, do CPC), sendo que é legítima a oposição à desistência com fundamento no art. 3º da Lei 9.469/97, razão pela qual, nesse caso, a desistência é condicionada à renúncia expressa ao direito sobre o qual se funda a ação."
525,OK,,"Em execução provisória, descabe o arbitramento de honorários advocatícios em benefício do exequente.Posteriormente, convertendo-se a execução provisória em definitiva, após franquear ao devedor, com precedência, a possibilidade de cumprir, voluntária e tempestivamente, a condenação imposta, deverá o magistrado proceder ao arbitramento dos honorários advocatícios."
526,OK,,"A atribuição de efeitos suspensivos aos embargos do devedor"" fica condicionada ""ao cumprimento de três requisitos: apresentação de garantia; verificação pelo juiz da relevância da fundamentação (fumus boni juris) e perigo de dano irreparável ou de difícil reparação (periculum in mora)."
528,OK,,"Nos contratos de mútuo e financiamento, o devedor não possui interesse de agir para a ação de prestação de contas."
536,OK,,"Na fase de cumprimento de sentença, o devedor deverá ser intimado, na pessoa de seu advogado, mediante publicação na imprensa oficial, para efetuar o pagamento no prazo de 15 (quinze) dias, a partir de quando, caso não o efetue, passará a incidir a multa de 10% (dez por cento) sobre montante da condenação (art. 475-J do CPC)."
537,OK,,"Diante do que dispõe a legislação que disciplina as concessões de serviço público e da peculiar relação envolvendo o Estado-concedente, a concessionária e o consumidor, esse último tem legitimidade para propor ação declaratória c/c repetição de indébito na qual se busca afastar, no tocante ao fornecimento de energia elétrica, a incidência do ICMS sobre a demanda contratada e não utilizada."
539,OK,,Compete à Justiça Estadual processar e julgar litígios instaurados entre entidade de previdência privada e participante de seu plano de benefícios.
552,OK,,"O termo final do prazo para o ajuizamento da ação rescisória, embora decadencial, prorroga-se para o primeiro dia útil subsequente, se recair em dia de não funcionamento da secretaria do Juízo competente."
564,OK,,"Em ação monitória fundada em cheque prescrito, ajuizada em face do emitente, é dispensável menção ao negócio jurídico subjacente à emissão da cártula."
566,OK,,"O prazo de 1 (um) ano de suspensão do processo e do respectivo prazo prescricional previsto no art. 40, §§ 1º e 2º da Lei n. 6.830/80 - LEF tem início automaticamente na data da ciência da Fazenda Pública a respeito da não localização do devedor ou da inexistência de bens penhoráveis no endereço fornecido, havendo, sem prejuízo dessa contagem automática, o dever de o magistrado declarar ter ocorrido a suspensão da execução."
567,OK,,"Havendo ou não petição da Fazenda Pública e havendo ou não pronunciamento judicial nesse sentido, findo o prazo de 1 (um) ano de suspensão inicia-se automaticamente o prazo prescricional aplicável."
568,OK,,"A efetiva constrição patrimonial e a efetiva citação (ainda que por edital) são aptas a interromper o curso da prescrição intercorrente, não bastando para tal o mero peticionamento em juízo, requerendo, v.g., a feitura da penhora sobre ativos financeiros ou sobre outros bens."
569,EXCLUIR,Duplicado conceitual da tese do Tema 567.,"Havendo ou não petição da Fazenda Pública e havendo ou não pronunciamento judicial nesse sentido, findo o prazo de 1 (um) ano de suspensão inicia-se automaticamente o prazo prescricional aplicável."
570,OK,,"A Fazenda Pública, em sua primeira oportunidade de falar nos autos (art. 245 do CPC/73, correspondente ao art. 278 do CPC/2015), ao alegar nulidade pela falta de qualquer intimação dentro do procedimento do art. 40 da LEF, deverá demonstrar o prejuízo que sofreu (exceto a falta da intimação que constitui o termo inicial - 4.1., onde o prejuízo é presumido), por exemplo, deverá demonstrar a ocorrência de qualquer causa interruptiva ou suspensiva da prescrição."
571,EXCLUIR,Duplicado conceitual da tese do Tema 570.,"A Fazenda Pública, em sua primeira oportunidade de falar nos autos (art. 245 do CPC/73, correspondente ao art. 278 do CPC/2015), ao alegar nulidade pela falta de qualquer intimação dentro do procedimento do art. 40 da LEF, deverá demonstrar o prejuízo que sofreu (exceto a falta da intimação que constitui o termo inicial - 4.1., onde o prejuízo é presumido), por exemplo, deverá demonstrar a ocorrência de qualquer causa interruptiva ou suspensiva da prescrição."
572,OK,,"A análise acerca da legalidade da utilização da Tabela Price - mesmo que em abstrato - passa, necessariamente, pela constatação da eventual capitalização de juros (ou incidência de juros compostos, juros sobre juros ou anatocismo), que é questão de fato e não de direito, motivo pelo qual não cabe ao Superior Tribunal de Justiça tal apreciação, em razão dos óbices contidos nas Súmulas 5 e 7 do STJ.É exatamente por isso que, em contratos cuja capitalização de juros seja vedada, é necessária a interpretação de cláusulas contratuais e a produção de prova técnica para aferir a existência da cobrança de juros não lineares, incompatíveis, portanto, com financiamentos celebrados no âmbito do Sistema Financeiro da Habitação antes da vigência da Lei n. 11.977/2009, que acrescentou o art. 15-A à Lei n. 4.380/1964. Em se verificando que matérias de fato ou eminentemente técnicas foram tratadas como exclusivamente de direito, reconhece-se o cerceamento, para que seja realizada a prova pericial."
578,OK,,"Em princípio, nos termos do art. 9°, III, da Lei 6.830/1980, cumpre ao executado nomear bens à penhora, observada a ordem legal. É dele o ônus de comprovar a imperiosa necessidade de afastá-la, e, para que essa providência seja adotada, mostra-se insuficiente a mera invocação genérica do art. 620 do CPC."
580,OK,,"Em execução fiscal ajuizada por Conselho de Fiscalização Profissional, seu representante judicial possui a prerrogativa de ser pessoalmente intimado."
587,OK,,"a) Os embargos do devedor são ação de conhecimento incidental à execução, razão porque os honorários advocatícios podem ser fixados em cada uma das duas ações, de forma relativamente autônoma, respeitando-se os limites de repercussão recíproca entre elas, desde que a cumulação da verba honorária não exceda o limite máximo previsto no § 3º do art. 20 do CPC/1973.b) Inexistência de reciprocidade das obrigações ou de bilateralidade de créditos: ausência dos pressupostos do instituto da compensação (art. 368 do Código Civil). Impossibilidade de se compensarem os honorários fixados em embargos à execução com aqueles fixados na própria ação de execução."
588,OK,,"Constatado que o STF não declarou a inconstitucionalidade de tributo (ADI 3.106/MG), e sim fixou a natureza da relação jurídica como não tributária (não compulsória), afasta-se a imposição irrestrita da repetição de indébito amparada pelos arts. 165 a 168 do CTN.Observadas as características da boa-fé, da voluntariedade e o aspecto sinalagmático dos contratos, a manifestação de vontade do servidor em aderir ao serviço ofertado pelo Estado ou o usufruto da respectiva prestação de saúde geram, em regra, automático direito à contraprestação pecuniária, assim como à repetição de indébito das cobranças nos períodos em que não haja manifestação de vontade do servidor.Considerando a modulação dos efeitos da declaração de inconstitucionalidade exarada pelo STF, até 14.4.2010 a cobrança pelos serviços de saúde é legítima pelo IPSEMG com base na lei estadual, devendo o entendimento aqui exarado incidir a partir do citado marco temporal, quando a manifestação de vontade ou o usufruto dos serviços pelo servidor será requisito para a cobrança.De modo geral, a constatação da formação da relação jurídico-contratual entre o servidor e o Estado de Minas Gerais é tarefa das instâncias ordinárias, já que necessário interpretar a legislação estadual (Súmula 280/STF) e analisar o contexto fático-probatório dos autos (Súmula 7/STJ)."
589,EXCLUIR,Duplicado conceitual da tese do Tema 60.,"Ajuizada ação coletiva atinente a macro-lide geradora de processos multitudinários, suspendem-se as ações individuais, no aguardo do julgamento da ação coletiva."
590,OK,,"As informações sigilosas das partes devem ser juntadas aos autos do processo que correrá em segredo de justiça, não sendo admitido o arquivamento em apartado."
598,OK,,"À mingua de lei expressa, a inscrição em dívida ativa não é a forma de cobrança adequada para os valores indevidamente recebidos a título de benefício previdenciário previstos no art. 115, II, da Lei n. 8.213/91 que devem submeter-se a ação de cobrança por enriquecimento ilícito para apuração da responsabilidade civil."
606,OK,,"Em ação de cobrança objetivando indenização decorrente de Seguro Obrigatório de Danos Pessoais Causados por Veículos Automotores de Vias Terrestres - DPVAT, constitui faculdade do autor escolher entre os seguintes foros para ajuizamento da ação: o do local do acidente ou o do seu domicílio (parágrafo único do art. 100 do Código de Processo Civil); bem como, ainda, o do domicílio do réu(art. 94 do mesmo Diploma)."
608,OK,,"Não há impedimento constitucional, ou mesmo legal, para que os honorários advocatícios, quando não excederem ao valor limite, possam ser executados mediante RPV, ainda que o crédito dito 'principal' observe o regime dos precatórios."
614,OK,,"Inexiste óbices à penhora, em face de dívidas tributárias da matriz, de valores depositados em nome das filiais."
622,OK,,"A aplicação da sanção civil do pagamento em dobro por cobrança judicial de dívida já adimplida (cominação encartada no artigo 1.531 do Código Civil de 1916, reproduzida no artigo 940 do Código Civil de 2002) pode ser postulada pelo réu na própria defesa, independendo da propositura de ação autônoma ou do manejo de reconvenção, sendo imprescindível a demonstração de má-fé do credor."
623,OK,,A discussão quanto à aplicação dos juros e correção monetária nos depósitos judiciais independe de ação específica contra o banco depositário.
629,OK,,"A ausência de conteúdo probatório eficaz a instruir a inicial, conforme determina o art. 283 do CPC, implica a carência de pressuposto de constituição e desenvolvimento válido do processo, impondo sua extinção sem o julgamento do mérito (art. 267, IV do CPC) e a consequente possibilidade de o autor intentar novamente a ação (art. 268 do CPC), caso reúna os elementos necessários à tal iniciativa."
641,OK,,"O prazo para ajuizamento de ação monitória em face do emitente de nota promissória sem força executiva é quinquenal, a contar do dia seguinte ao vencimento do título."
648,OK,,"A propositura de ação cautelar de exibição de documentos bancários (cópias e segunda via de documentos) é cabível como medida preparatória a fim de instruir a ação principal, bastando a demonstração da existência de relação jurídica entre as partes, a comprovação de prévio pedido à instituição financeira não atendido em prazo razoável, e o pagamento do custo do serviço conforme previsão contratual e normatização da autoridade monetária."
649,OK,,A pessoa jurídica não tem legitimidade para interpor recurso no interesse do sócio.
651,OK,,"Considerando a prerrogativa que possui a Fazenda Nacional de ser intimada das decisões, por meio da concessão de vista pessoal e, em atenção ao princípio da instrumentalidade das formas, pode a certidão de concessão de vistas dos autos ser considerada elemento suficiente à demonstração da tempestividade do agravo de instrumento, substituindo a certidão de intimação legalmente prevista."
657,OK,,"O cessionário de contrato de participação financeira tem legitimidade para ajuizar ação de complementação de ações somente na hipótese em que o instrumento de cessão lhe conferir, expressa ou implicitamente, o direito à subscrição de ações, conforme apurado nas instâncias ordinárias."
660,OK,,"""(...)a concessão de benefícios previdenciários depende de requerimento administrativo"", conforme decidiu o Plenário do Supremo Tribunal Federal, no julgamento do RE 631.240/MG, sob o rito do artigo 543-B do CPC, observadas ""as situações de ressalva e fórmula de transição a ser aplicada nas ações já ajuizadas até a conclusão do aludido julgamento (03/9/2014) """
667,OK,,"O cumprimento de sentença condenatória de complementação de ações dispensa, em regra, a fase de liquidação de sentença."
670,OK,,Descabimento da inclusão dos dividendos ou dos juros sobre capital próprio no cumprimento da sentença condenatória à complementação de ações sem expressa previsão no título executivo.
671,OK,,"Na liquidação por cálculos do credor, descabe transferir do exequente para o executado o ônus do pagamento de honorários devidos ao perito que elabora a memória de cálculos."
672,OK,,"Se o credor for beneficiário da gratuidade da justiça, pode-se determinar a elaboração dos cálculos pela contadoria judicial."
673,OK,,"Na hipótese do art. 475-L, § 2º, do CPC, é indispensável apontar, na petição de impugnação ao cumprimento de sentença, a parcela incontroversa do débito, bem como as incorreções encontradas nos cálculos do credor, sob pena de rejeição liminar da petição, não se admitindo emenda à inicial."
674,OK,,"Cancela-se a distribuição da impugnação ao cumprimento de sentença ou dos embargos à execução na hipótese de não recolhimento das custas no prazo de 30 dias, independentemente de prévia intimação da parte."
675,EXCLUIR,Duplicado conceitual da tese do Tema 674.,"Cancela-se a distribuição da impugnação ao cumprimento de sentença ou dos embargos à execução na hipótese de não recolhimento das custas no prazo de 30 dias, independentemente de prévia intimação da parte."
676,OK,,"Não se determina o cancelamento da distribuição se o recolhimento das custas, embora intempestivo, estiver comprovado nos autos."
677,OK,,"""na execução, o depósito efetuado a título de garantia do juízo ou decorrente da penhora de ativos financeiros não isenta o devedor do pagamento dos consectários de sua mora, conforme previstos no título executivo, devendo-se, quando da efetiva entrega do dinheiro ao credor, deduzir do montante final devido o saldo da conta judicial""."
685,OK,,"Os juros de mora incidem a partir da citação do devedor no processo de conhecimento da Ação Civil Pública quando esta se fundar em responsabilidade contratual, cujo inadimplemento já produza a mora, salvo a configuração da mora em momento anterior."
686,OK,,"O chamamento ao processo da União com base no art. 77, III, do CPC, nas demandas propostas contra os demais entes federativos responsáveis para o fornecimento de medicamentos ou prestação de serviços de saúde, não é impositivo, mostrando-se inadequado opor obstáculo inútil à garantia fundamental do cidadão à saúde."
690,OK,,"A declaração de inconstitucionalidade do art. 3°, § 1°, da Lei 9.718/1998, pelo STF, não afasta automaticamente a presunção de certeza e de liquidez da CDA, motivo pelo qual é vedado extinguir de ofício, por esse motivo, a Execução Fiscal."
693,OK,,A competência para processar e julgar as demandas que têm por objeto obrigações decorrentes dos contratos de planos de previdência privada firmados com a Fundação Rede Ferroviária de Seguridade Social (REFER) é da Justiça Estadual.
697,OK,,"A ausência da cópia da certidão de intimação da decisão agravada não é óbice ao conhecimento do Agravo de Instrumento quando, por outros meios inequívocos, for possível aferir a tempestividade do recurso, em atendimento ao princípio da instrumentalidade das formas."
698,OK,,"Caracterizam-se como protelatórios os embargos de declaração que visam rediscutir matéria já apreciada e decidida pela Corte de origem em conformidade com súmula do STJ ou STF ou, ainda, precedente julgado pelo rito dos artigos 543-C e 543-B, do CPC."
701,OK,,"É possível a decretação da ""indisponibilidade de bens do promovido em Ação Civil Pública por Ato de Improbidade Administrativa, quando ausente (ou não demonstrada) a prática de atos (ou a sua tentativa) que induzam a conclusão de risco de alienação, oneração ou dilapidação patrimonial de bens do acionado, dificultando ou impossibilitando o eventual ressarcimento futuro."""
702,OK,,"A mera decretação da quebra não implica extinção da personalidade jurídica do estabelecimento empresarial. Ademais, a massa falida tem exclusivamente personalidade judiciária, sucedendo a empresa em todos os seus direitos e obrigações. Em consequência, o ajuizamento contra a pessoa jurídica, nessas condições, constitui mera irregularidade, sanável nos termos do art. 284 do CPC e do art. 2º, § 8º, da Lei 6.830/1980."
703,OK,,"O entendimento de que o ajuizamento contra a pessoa jurídica cuja falência foi decretada antes do ajuizamento da referida execução fiscal ""constitui mera irregularidade, sanável nos termos do art. 284 do CPC e do art. 2º, § 8º, da Lei 6.830/1980 não viola a orientação fixada pela Súmula 392 do Superior Tribunal Justiça, mas tão somente insere o equívoco ora debatido na extensão do que se pode compreender por 'erro material ou formal', e não como 'modificação do sujeito passivo da execução', expressões essas empregadas pelo referido precedente sumular."
705,OK,,"Descabimento de multa cominatória na exibição, incidental ou autônoma, de documento relativo a direito disponível."
706,OK,,"A decisão que comina <i>astreintes</i> não preclui, não fazendo tampouco coisa julgada."
708,OK,,"É legítima a penhora de apontado bem de família pertencente a fiador de contrato de locação, ante o que dispõe o art. 3º, inciso VII, da Lei n. 8.009/1990"
717,OK,,"O Ministério Público tem legitimidade ativa para ajuizar ação de alimentos em proveito de criança ou adolescente. A legitimidade do Ministério Público independe do exercício do poder familiar dos pais, ou de o menor se encontrar nas situações de risco descritas no art. 98 do Estatuto da Criança e do Adolescente, ou de quaisquer outros questionamentos acerca da existência ou eficiência da Defensoria Pública na comarca."
721,OK,,"A renúncia ao valor excedente ao previsto no art. 87 do ADCT, manifestada após a propositura da demanda executiva, não autoriza o arbitramento dos honorários, porquanto, à luz do princípio da causalidade, a Fazenda Pública não provocou a instauração da Execução, uma vez que se revelava inicialmente impositiva a observância do art. 730 CPC, segundo a sistemática do pagamento de precatórios. Como não foram opostos Embargos à Execução, tem, portanto, plena aplicação o art. 1°- D da Lei 9.494/1997."
723,OK,,"A sentença proferida pelo Juízo da 12ª Vara Cível da Circunscrição Especial Judiciária de Brasília/DF, na ação civil coletiva nº 1998.01.1.016798-9, que condenou o Banco do Brasil ao pagamento de diferenças decorrentes de expurgos inflacionários sobre cadernetas de poupança ocorridos em janeiro de 1989 (Plano Verão), é aplicável, por força da coisa julgada, indistintamente a todos os detentores de caderneta de poupança do Banco do Brasil, independentemente de sua residência ou domicílio no Distrito Federal, reconhecendo-se ao beneficiário o direito de ajuizar o cumprimento individual da sentença coletiva no Juízo de seu domicílio ou no Distrito Federal."
724,OK,,"Os poupadores ou seus sucessores detêm legitimidade ativa - também por força da coisa julgada -, independentemente de fazerem parte ou não dos quadros associativos do IDEC, de ajuizarem o cumprimento individual da sentença coletiva proferida na ação civil pública nº 1998.01.1.016798-9 pelo Juízo da 12ª Vara Cível da Circunscrição Especial Judiciária de Brasília/DF."
742,OK,,"É nula, por configurar julgamento extra petita, a decisão que condena a parte ré, de ofício, em ação individual, ao pagamento de indenização a título de danos sociais em favor de terceiro estranho à lide."
743,OK,,"A multa diária prevista no § 4º do art. 461 do CPC, devida desde o dia em que configurado o descumprimento, quando fixada em antecipação de tutela, somente poderá ser objeto de execução provisória após a sua confirmação pela sentença de mérito e desde que o recurso eventualmente interposto não seja recebido com efeito suspensivo."
766,OK,,"O Ministério Público é parte legítima para pleitear tratamento médico ou entrega de medicamentos nas demandas de saúde propostas contra os entes federativos, mesmo quando se tratar de feitos contendo beneficiários individualizados, porque se refere a direitos individuais indisponíveis, na forma do art. 1º da Lei n. 8.625/1993 (Lei Orgânica Nacional do Ministério Público)."
769,OK,,"I - A necessidade de esgotamento das diligências como requisito para a penhora de faturamento foi afastada após a reforma do CPC/1973 pela Lei 11.382/2006; II - No regime do CPC/2015, a penhora de faturamento, listada em décimo lugar na ordem preferencial de bens passíveis de constrição judicial, poderá ser deferida após a demonstração da inexistência dos bens classificados em posição superior, ou, alternativamente, se houver constatação, pelo juiz, de que tais bens são de difícil alienação; finalmente, a constrição judicial sobre o faturamento empresarial poderá ocorrer sem a observância da ordem de classificação estabelecida em lei, se a autoridade judicial, conforme as circunstâncias do caso concreto, assim o entender (art. 835, § 1º, do CPC/2015), justificando-a por decisão devidamente fundamentada; III - A penhora de faturamento não pode ser equiparada à constrição sobre dinheiro; IV - Na aplicação do princípio da menor onerosidade (art. 805, parágrafo único, do CPC/2015; art. 620, do CPC/1973): a) autoridade judicial deverá estabelecer percentual que não inviabilize o prosseguimento das atividades empresariais; e b) a decisão deve se reportar aos elementos probatórios concretos trazidos pelo devedor, não sendo lícito à autoridade judicial empregar o referido princípio em abstrato ou com base em simples alegações genéricas do executado."
794,OK,,"É competente o Juízo do local em que situada a sede da entidade organizadora de campeonato esportivo de caráter nacional para todos os processos de ações ajuizadas em vários Juízos e Juizados Especiais, situados em lugares diversos do país, questionando a mesma matéria central, relativa à validade e à execução de decisões da Justiça Desportiva, visto que a entidade esportiva de caráter nacional, responsável, individual ou conjuntamente com quaisquer outras entidades, pela organização (no caso, a CBF), deve, necessariamente, inclusive por decisão de ofício, integrar o pólo passivo das demandas, sob pena de não vir ela ser ser ela atingida pelos efeitos subjetivos da coisa julgada, e de tornar-se o julgado desprovido de efetividade."
869,OK,,"Nos termos do artigo 219, caput e § 1º, do CPC e de acordo com a jurisprudência consolidada desta Corte, exceto nas hipóteses dos incisos II e III do artigo 267 do CPC, a citação válida em processo extinto sem julgamento do mérito importa na interrupção do prazo prescricional, que volta a correr com o trânsito em julgado da sentença de extinção do processo."
870,OK,,"A citação válida em processo extinto sem julgamento do mérito importa na interrupção do prazo prescricional, que volta a correr com o trânsito em julgado da sentença de extinção do processo."
871,OK,,"Na fase autônoma de liquidação de sentença (por arbitramento ou por artigos), incumbe ao devedor a antecipação dos honorários periciais."
872,OK,,"Nos Embargos de Terceiro cujo pedido foi acolhido para desconstituir a constrição judicial, os honorários advocatícios serão arbitrados com base no princípio da causalidade, responsabilizando-se o atual proprietário (embargante), se este não atualizou os dados cadastrais. Os encargos de sucumbência serão suportados pela parte embargada, porém, na hipótese em que esta, depois de tomar ciência da transmissão do bem, apresentar ou insistir na impugnação ou recurso para manter a penhora sobre o bem cujo domínio foi transferido para terceiro."
874,OK,,"O Banco do Brasil, na condição de mero operador e gestor do Cadastro de Emitentes de Cheques sem Fundos - CCF, não detém legitimidade passiva para responder por danos resultantes da ausência de notificação prévia do correntista acerca de sua inscrição no referido cadastro, obrigação que incumbe ao banco sacado, junto ao qual o correntista mantém relação contratual."
875,OK,,"Exceto nos casos de invalidez permanente notória, ou naqueles em que o conhecimento anterior resulte comprovado na fase de instrução, a ciência inequívoca do caráter permanente da invalidez depende de laudo médico."
876,OK,,"Em ações de execução fiscal, descabe indeferir a petição inicial sob o argumento da falta de indicação do CPF e/ou RG da parte executada (pessoa física), visto tratar-se de requisito não previsto no art. 6º da Lei nº 6.830/80 (LEF), cujo diploma, por sua especialidade, ostenta primazia sobre a legislação de cunho geral, como ocorre frente à exigência contida no art. 15 da Lei nº 11.419/06.Em ações de execução fiscal, descabe indeferir a petição inicial sob o argumento da falta de indicação do CNPJ da parte executada (pessoa jurídica), visto tratar-se de requisito não previsto no art. 6º da Lei nº 6.830/80 (LEF), cujo diploma, por sua especialidade, ostenta primazia sobre a legislação de cunho geral, como ocorre frente à exigência contida no art. 15 da Lei nº 11.419/06."
877,OK,,"O prazo prescricional para a execução individual é contado do trânsito em julgado da sentença coletiva, sendo desnecessária a providência de que trata o art. 94 da Lei n.8.078/90."
879,OK,,"Não há, em regra, interesse jurídico da Aneel (Agência Nacional de Energia Elétrica) para figurar como ré ou assistente simples de Ação de Repetição de Indébito relativa a valores cobrados por força de contrato de fornecimento de energia elétrica celebrado entre usuário do serviço e concessionária do serviço público."
880,OK,,"""A partir da vigência da Lei n. 10.444/2002, que incluiu o § 1º ao art. 604, dispositivo que foi sucedido, conforme Lei n. 11.232/2005, pelo art. 475-B, §§ 1º e 2º, todos do CPC/1973, não é mais imprescindível, para acertamento da conta exequenda, a juntada de documentos pela parte executada, ainda que esteja pendente de envio eventual documentação requisitada pelo juízo ao devedor, que não tenha havido dita requisição, por qualquer motivo, ou mesmo que a documentação tenha sido encaminhada de forma incompleta pelo executado. Assim, sob a égide do diploma legal citado e para as decisões transitadas em julgado sob a vigência do CPC/1973, a demora, independentemente do seu motivo, para juntada das fichas financeiras ou outros documentos correlatos aos autos da execução, ainda que sob a responsabilidade do devedor ente público, não obsta o transcurso do lapso prescricional executório, nos termos da Súmula 150/STF""."
886,OK,,"a) O que define a responsabilidade pelo pagamento das obrigações condominiais não é o registro do compromisso de venda e compra, mas a relação jurídica material com o imóvel, representada pela imissão na posse pelo promissário comprador e pela ciência inequívoca do Condomínio acerca da transação;b) Havendo compromisso de compra e venda não levado a registro, a responsabilidade pelas despesas de condomínio pode recair tanto sobre o promitente vendedor quanto sobre o promissário comprador, dependendo das circunstâncias de cada caso concreto; c) Se restar comprovado: (i) que o promissário comprador imitira-se na posse; e (ii) o Condomínio teve ciência inequívoca da transação, afasta-se a legitimidade passiva do promitente vendedor para responder por despesas condominiais relativas a período em que a posse foi exercida pelo promissário comprador."
887,OK,,"Na execução individual de sentença proferida em ação civil pública que reconhece o direito de poupadores aos expurgos inflacionários decorrentes do Plano Verão (janeiro de 1989): (I) descabe a inclusão de juros remuneratórios nos cálculos de liquidação se inexistir condenação expressa, sem prejuízo de, quando cabível, o interessado ajuizar ação individual de conhecimento; (II) incidem os expurgos inflacionários posteriores a título de correção monetária plena do débito judicial, que terá como base de cálculo o saldo existente ao tempo do referido plano econômico, e não os valores de eventuais depósitos da época de cada plano subsequente."
889,OK,,"A sentença, qualquer que seja sua natureza, de procedência ou improcedência do pedido, constitui título executivo judicial, desde que estabeleça obrigação de pagar quantia, de fazer, não fazer ou entregar coisa, admitida sua prévia liquidação e execução nos próprios autos."
890,OK,,"Na execução individual de sentença proferida em ação civil pública que reconhece o direito de poupadores aos expurgos inflacionários decorrentes do Plano Verão (janeiro de 1989), descabe a inclusão de juros remuneratórios nos cálculos de liquidação se inexistir condenação expressa, sem prejuízo de, quando cabível, o interessado ajuizar ação individual de conhecimento."
891,OK,,"Na execução de sentença que reconhece o direito de poupadores aos expurgos inflacionários decorrentes do Plano Verão (janeiro de 1989), incidem os expurgos inflacionários posteriores a título de correção monetária plena do débito judicial, que terá como base de cálculo o saldo existente ao tempo do referido plano econômico, e não os valores de eventuais depósitos da época de cada plano subsequente."
893,OK,,"No âmbito do cumprimento de sentença arbitral condenatória de prestação pecuniária, a multa de 10% (dez por cento) do artigo 475-J do CPC deverá incidir se o executado não proceder ao pagamento espontâneo no prazo de 15 (quinze) dias contados da juntada do mandado de citação devidamente cumprido aos autos (em caso de título executivo contendo quantia líquida) ou da intimação do devedor, na pessoa de seu advogado, mediante publicação na imprensa oficial (em havendo prévia liquidação da obrigação certificada pelo juízo arbitral)."
898,OK,,"A incidência de atualização monetária nas indenizações por morte ou invalidez do seguro DPVAT, prevista no § 7º do art. 5º da Lei n. 6194/74, redação dada pela Lei n. 11.482/2007, opera-se desde a data do evento danoso."
902,OK,,"A legislação de regência estabelece que o documento hábil a protesto extrajudicial é aquele que caracteriza prova escrita de obrigação pecuniária líquida, certa e exigível. Portanto, a sustação de protesto de título, por representar restrição a direito do credor, exige prévio oferecimento de contracautela, a ser fixada conforme o prudente arbítrio do magistrado."
910,OK,,"Legitimidade passiva da TELEBRAS, bem como das companhias cindendas (ou sucessoras destas), para a ação de complementação de ações, na hipótese em que as ações originárias tenham sido emitidas pela TELEBRAS."
913,OK,,"I - A cota de fundo de investimento não se subsume à ordem de preferência legal disposta no inciso I do art. 655 do CPC/73 (ou no inciso I do art. 835 do NCPC).II - A recusa da nomeação à penhora de cotas de fundo de investimento, reputada legítima a partir das particularidades de cada caso concreto, não encerra, em si, excessiva onerosidade ao devedor, violação do recolhimento dos depósitos compulsórios e voluntários do Banco Central do Brasil ou afronta à impenhorabilidade das reservas obrigatórias."
915,OK,,"Em relação ao sistema ""credit scoring"", o interesse de agir para a propositura da ação cautelar de exibição de documentos exige, no mínimo, a prova de: i) requerimento para obtenção dos dados ou, ao menos, a tentativa de fazê-lo à instituição responsável pelo sistema de pontuação, com a fixação de prazo razoável para atendimento; e ii) que a recusa do crédito almejado ocorreu em razão da pontuação que lhe foi atribuída pelo sistema ""scoring""."
939,OK,,"Legitimidade passiva 'ad causam' da incorporadora, na condição de promitente-vendedora, para responder pela restituição ao consumidor dos valores pagos a título de comissão de corretagem e de taxa de assessoria técnico-imobiliária, nas demandas em que se alega prática abusiva na transferência desses encargos ao consumidor."
948,OK,,"Em ação civil pública proposta por Associação, na condição de substituta processual de consumidores, possuem legitimidade para a liquidação e execução da sentença todos os beneficiados pela procedência do pedido, independentemente de serem filiados à Associação promovente."
950,OK,,"As questões acerca do trade dress (conjunto-imagem) dos produtos, concorrência desleal, e outras demandas afins, por não envolver registro no INPI e cuidando de ação judicial entre particulares, é inequivocamente de competência da justiça estadual, já que não afeta interesse institucional da autarquia federal. No entanto, compete à Justiça Federal, em ação de nulidade de registro de marca, com a participação do INPI, impor ao titular a abstenção do uso, inclusive no tocante à tutela provisória."
961,OK,,"Observado o princípio da causalidade, é cabível a fixação de honorários advocatícios, em exceção de pré-executividade, quando o sócio é excluído do polo passivo da execução fiscal, que não é extinta."
967,OK,,"Em ação consignatória, a insuficiência do depósito realizado pelo devedor conduz ao julgamento de improcedência do pedido, pois o pagamento parcial da dívida não extingue o vínculo obrigacional."
973,OK,,"O art. 85, § 7º, do CPC/2015 não afasta a aplicação do entendimento consolidado na Súmula 345 do STJ, de modo que são devidos honorários advocatícios nos procedimentos individuais de cumprimento de sentença decorrente de ação coletiva, ainda que não impugnados e promovidos em litisconsórcio."
976,OK,,"A competência para processar e julgar demandas cíveis com pedidos ilíquidos contra massa falida, quando em litisconsórcio passivo com pessoa jurídica de direito público, é do juízo cível no qual for proposta a ação de conhecimento, competente para julgar ações contra a Fazenda Pública, de acordo as respectivas normas de organização judiciária."
988,OK,,"O rol do art. 1.015 do CPC é de taxatividade mitigada, por isso admite a interposição de agravo de instrumento quando verificada a urgência decorrente da inutilidade do julgamento da questão no recurso de apelação."
1000,OK,,"Desde que prováveis a existência da relação jurídica entre as partes e de documento ou coisa que se pretende seja exibido, apurada em contraditório prévio, poderá o juiz, após tentativa de busca e apreensão ou outra medida coercitiva, determinar sua exibição sob pena de multa com base no art. 400, parágrafo único, do CPC/2015."
1001,OK,,"_A teor dos arts. 27 e 511, § 1º, do revogado CPC/73 (arts. 91 e 1.007, § 1º, do vigente CPC/15), o_ _Instituto Nacional do Seguro Social - INSS, nos recursos de competência dos Tribunais de Justiça, está_ _dispensado do prévio pagamento do porte de remessa e de retorno, enquanto parcela integrante do_ _preparo, devendo recolher o respectivo valor somente ao final da demanda, acaso vencido._"
1004,OK,,"""Os adquirentes dos imóveis submetidos à desapropriação indireta sub-rogam-se no direito de receber a indenização se, ao tempo do negócio, não tiver havido o respectivo pagamento ao antigo proprietário nem a averbação no cartório de registro de imóveis das dimensões atualizadas, sendo irrelevante o fato de a alienação ter ocorrido após o esbulho ou a conclusão da obra pública, cabendo ao expropriante o ônus da prova acerca da ausência de prejuízo."""
1012,OK,,"O bloqueio de ativos financeiros do executado via sistema BACENJUD, em caso de concessão de parcelamento fiscal, seguirá a seguinte orientação: (i) será levantado o bloqueio se a concessão é anterior à constrição; e (ii) fica mantido o bloqueio se a concessão ocorre em momento posterior à constrição, ressalvada, nessa hipótese, a possibilidade excepcional de substituição da penhora online por fiança bancária ou seguro garantia, diante das peculiaridades do caso concreto, mediante comprovação irrefutável, a cargo do executado, da necessidade de aplicação do princípio da menor onerosidade."
1015,OK,,"1. Pedido de Homologação de Acordo firmado entre KIRTON BANK S/A (nova denominação de HSBC BANK BRASIL S/A - BANCO MÚLTIPLO - sucessor parcial do BANCO BAMERINDUS S/A) e BANCO SISTEMA S/A (nova denominação da massa liquidanda do BANCO BAMERINDUS S/A).**(""clique"" no** **link do número do tema para ter acesso à tese completa).**"
1019,OK,,"O prazo prescricional aplicável à desapropriação indireta, na hipótese em que o Poder Público tenha realizado obras no local ou atribuído natureza de utilidade pública ou de interesse social ao imóvel, é de 10 anos, conforme parágrafo único do art. 1.238 do CC."
1022,OK,,"É cabível agravo de instrumento contra todas as decisões interlocutórias proferidas nos processos de recuperação judicial e nos processos de falência, por força do art. 1.015, parágrafo único, CPC."
1023,OK,,"Nas ações de indenização por danos morais, em razão de sofrimento ou angústia experimentados pelos agentes de combate a endemias decorrentes da exposição desprotegida e sem orientação ao dicloro-difenil-tricloroetano - DDT, o termo inicial do prazo prescricional é o momento em que o servidor tem ciência dos malefícios que podem surgir da exposição, não devendo ser adotado como marco inicial a vigência da Lei nº 11.936/09, cujo texto não apresentou justificativa para a proibição da substância e nem descreveu eventuais malefícios causados pela exposição ao produto químico."
1026,OK,,"""O art. 782, §3º do CPC é aplicável às execuções fiscais, devendo o magistrado deferir o requerimento de inclusão do nome do executado em cadastros de inadimplentes, preferencialmente pelo sistema SERASAJUD, independentemente do esgotamento prévio de outras medidas executivas, salvo se vislumbrar alguma dúvida razoável à existência do direito ao crédito previsto na Certidão de Dívida Ativa - CDA."""
1029,OK,,"Não é possível propor nos Juizados Especiais da Fazenda Pública a execução de título executivo formado em Ação Coletiva que tramitou sob o rito ordinário, assim como impor o rito sumaríssimo da Lei 12.153/2009 ao juízo comum da execução"
1030,OK,,"Ao autor que deseje litigar no âmbito de Juizado Especial Federal Cível, é lícito renunciar, de modo expresso e para fins de atribuição de valor à causa, ao montante que exceda os 60 (sessenta) salários mínimos previstos no art. 3º, caput, da Lei 10.259/2001, aí incluídas, sendo o caso, as prestações vincendas."
1033,EXCLUIR,"Excluído por regra: aguardando julgamento, irrelevante ou instrução de tema correlato.",Aguardando julgamento de mérito
1040,OK,,"Na ação de busca e apreensão de que trata o Decreto-Lei 911/69, a análise da contestação somente deve ocorrer após a execução da medida liminar."
1050,OK,,"O eventual pagamento de benefício previdenciário na via administrativa, seja ele total ou parcial, após a citação válida, não tem o condão de alterar a base de cálculo para os honorários advocatícios fixados na ação de conhecimento, que será composta pela totalidade dos valores devidos."
1054,OK,,"""A teor do art. 39 da Lei 6.830/80, a fazenda pública exequente, no âmbito das execuções fiscais, está dispensada de promover o adiantamento de custas relativas ao ato citatório, devendo recolher o respectivo valor somente ao final da demanda, acaso resulte vencida"""
1056,OK,,"A coisa julgada formada no Mandado de Segurança Coletivo 2005.51.01.016159-0 (impetrado pela Associação de Oficiais Militares do Estado do Rio de Janeiro - AME/RJ, enquanto substituta processual) beneficia os militares e respectivos pensionistas do antigo Distrito Federal, integrantes da categoria substituída - oficiais, independentemente de terem constado da lista apresentada no momento do ajuizamento do mandamus ou de serem filiados à associação impetrante."
1058,OK,,"""A Justiça da Infância e da Juventude tem competência absoluta para processar e julgar causas envolvendo matrícula de menores em creches ou escolas, nos termos dos arts. 148, IV, e 209 da Lei 8.069/90."""
1059,OK,,"A majoração dos honorários de sucumbência prevista no art. 85, § 11, do CPC pressupõe que o recurso tenha sido integralmente desprovido ou não conhecido pelo tribunal, monocraticamente ou pelo órgão colegiado competente. Não se aplica o art. 85, § 11, do CPC em caso de provimento total ou parcial do recurso, ainda que mínima a alteração do resultado do julgamento e limitada a consectários da condenação."
1064,OK,,"""1ª) As inscrições em dívida ativa dos créditos referentes a benefícios previdenciários ou assistenciais pagos indevidamente ou além do devido constituídos por processos administrativos que tenham sido iniciados antes da vigência da Medida Provisória nº 780, de 2017, convertida na Lei n. 13.494/2017 (antes de 22.05.2017) são nulas, devendo a constituição desses créditos ser reiniciada através de notificações/intimações administrativas a fim de permitir-se o contraditório administrativo e a ampla defesa aos devedores e, ao final, a inscrição em dívida ativa, obedecendo- se os prazos prescricionais aplicáveis; e 2ª) As inscrições em dívida ativa dos créditos referentes a benefícios previdenciários ou assistenciais pagos indevidamente ou além do devido**contra os terceiros beneficiados que sabiam ou deveriam** **saber da origem dos benefícios pagos indevidamente em razão de fraude, dolo ou coação**, constituídos por processos administrativos que tenham sido iniciados antes da vigência da Medida Provisória nº 871, de 2019, convertida na Lei nº 13.846/2019 (antes de 18.01.2019) são nulas, devendo a constituição desses créditos ser reiniciada através de notificações/intimações administrativas a fim de permitir-se o contraditório administrativo e a ampla defesa aos devedores e, ao final, a inscrição em dívida ativa, obedecendo-se os prazos prescricionais aplicáveis.”"
1071,OK,,A discussão acerca da eficácia e efeitos da medida cautelar ou do julgamento de mérito da ADI 2332 não comporta revisão em recurso especial.
1076,OK,,"i) A fixação dos honorários por apreciação equitativa não é permitida quando os valores da condenação, da causa ou o proveito econômico da demanda forem elevados. É obrigatória nesses casos a observância dos percentuais previstos nos §§ 2º ou 3º do artigo 85 do CPC - a depender da presença da Fazenda Pública na lide -, os quais serão subsequentemente calculados sobre o valor: (a) da condenação; ou (b) do proveito econômico obtido; ou (c) do valor atualizado da causa. ii) Apenas se admite arbitramento de honorários por equidade quando, havendo ou não condenação: (a) o proveito econômico obtido pelo vencedor for inestimável ou irrisório; ou (b) o valor da causa for muito baixo."
1081,OK,,"A demanda previdenciária cujo valor da condenação seja aferível por simples cálculos aritméticos, com base nos parâmetros fixados na sentença, deve ser dispensada da remessa necessária quando for possível estimar que não excederá o limite previsto no art. 496, § 3º, I, do Código de Processo Civil."
1092,OK,,"É possível a Fazenda Pública habilitar em processo de falência crédito objeto de execução fiscal em curso, mesmo antes da vigência da Lei n. 14.112/2020, e desde que não haja pedido de constrição no juízo executivo"
1105,OK,,"Continua eficaz e aplicável o conteúdo da Súmula 111/STJ (com a redação modificada em 2006), mesmo após a vigência do CPC/2015, no que tange à fixação de honorários advocatícios."
1130,OK,,"A eficácia do título judicial resultante de ação coletiva promovida por sindicato de âmbito estadual está restrita aos integrantes da categoria profissional, filiados ou não, com domicílio necessário (art. 76, parágrafo único, do Código Civil) na base territorial da entidade sindical autora e àqueles em exercício provisório ou em missão em outra localidade."
1133,OK,,aplicar (Art. 1040 do CPC)
1137,OK,,"Nas execuções cíveis, submetidas exclusivamente ao Código de Processo Civil, a adoção judicial de meios executivos atípicos é cabível desde que, cumulativamente: i) sejam ponderados os princípios da efetividade e da menor onerosidade do executado; ii) seja realizada de modo prioritariamente subsidiário; iii) a decisão contenha fundamentação adequada às especificidades do caso; iv) sejam observados os princípios do contraditório, da proporcionalidade, da razoabilidade, inclusive quanto à sua vigência temporal."
1141,OK,,"A pretensão de expedição de novo precatório ou requisição de pequeno valor, fundada nos arts. 2º e 3º da Lei 13.463/2017, sujeita-se à prescrição quinquenal prevista no art. 1º do Decreto 20.910/32 e tem, como termo inicial, a notificação do credor, na forma do § 4º do art. 2º da referida Lei 13.463/2017."
1146,EXCLUIR,"Excluído por regra: aguardando julgamento, irrelevante ou instrução de tema correlato.",Aguardando julgamento de mérito
1150,OK,,"i) o Banco do Brasil tem legitimidade passiva ad causam para figurar no polo passivo de demanda na qual se discute eventual falha na prestação do serviço quanto a conta vinculada ao PASEP, saques indevidos e desfalques, além da ausência de aplicação dos rendimentos estabelecidas pelo Conselho Diretor do referido programa; ii) a pretensão ao ressarcimento dos danos havidos em razão dos desfalques em conta individual vinculada ao PASEP se submete ao prazo prescricional decenal previsto pelo artigo 205 do Código Civil; e iii) o termo inicial para a contagem do prazo prescricional é o dia em que o titular, comprovadamente, toma ciência dos desfalques realizados na conta individual vinculada ao PASEP."
1153,OK,,"A verba honorária sucumbencial, a despeito da sua natureza alimentar, não se enquadra na exceção prevista no § 2º do art. 833 do CPC/2015 (penhora para pagamento de prestação alimentícia)."
1169,EXCLUIR,"Excluído por regra: aguardando julgamento, irrelevante ou instrução de tema correlato.",Aguardando julgamento de mérito
1175,OK,,"a) antes da vigência do § 7º do art. 22 do Estatuto da OAB (5 de outubro de 2018), é necessária a apresentação dos contratos celebrados com cada um dos filiados ou beneficiários para que o sindicato possa reter os honorários contratuais sobre o montante da condenação; b) após a vigência do supracitado dispositivo, para que o sindicato possa reter os honorários contratuais sobre o montante da condenação, embora seja dispensada a formalidade de apresentação dos contratos individuais e específicos para cada substituído, mantém-se necessária a autorização expressa dos filiados ou beneficiários que optarem por aderir às obrigações do contrato originário."
1178,OK,,"i) É vedado o uso de critérios objetivos para o indeferimento imediato da gratuidade judiciária requerida por pessoa natural; ii) Verificada a existência nos autos de elementos aptos a afastara presunção de hipossuficiência econômica da pessoa natural, o juiz deverá determinar ao requerente a comprovação de sua condição, indicando de modo preciso as razões que justificam tal afastamento, nos termos do art. 99, § 2º, do CPC; iii) Cumprida a diligência, a adoção de parâmetros objetivos pelo magistrado pode ser realizada em caráter meramente suplementar e desde que não sirva como fundamento exclusivo para o indeferimento do pedido de gratuidade."
1180,EXCLUIR,"Excluído por regra: aguardando julgamento, irrelevante ou instrução de tema correlato.",Aguardando julgamento de mérito
1181,EXCLUIR,"Excluído por regra: aguardando julgamento, irrelevante ou instrução de tema correlato.",Aguardando julgamento de mérito
1190,EXCLUIR,Duplicado conceitual da tese do Tema 1133.,aplicar (Art. 1040 do CPC)
1193,OK,,"O arquivamento das execuções fiscais cujo valor seja inferior ao novo piso fixado no caput do art. 8º da Lei 12.541/2011, previsto no § 2º do artigo referido (acrescentado pela Lei 14.195/2021), o qual constitui norma de natureza processual, que deve ser aplicada de imediato, alcança os executivos fiscais em curso, ressalvados os casos em que concretizada a penhora."
1198,OK,,Suspensão SOMENTE no Estado do Mato Grosso do Sul
1201,OK,,"1) O agravo interposto contra decisão do Tribunal de origem, ainda que com o objetivo de exaurir a instância recursal ordinária, a fim de permitir a interposição de recurso especial e/ou extraordinário, quando apresentado contra decisão baseada em precedente qualificado oriundo do STJ ou do STF, autoriza a aplicação da multa prevista no art. 1.021, § 4º, do CPC (revisão do TR 434/STJ); 2) A multa prevista no art. 1.021, § 4º, CPC, não é cabível quando (i) alegada fundamentadamente a distinção ou a superação do precedente qualificado oriundo do STJ ou do STF ou (ii) a decisão agravada estiver amparada em julgado de tribunal de segundo grau; 3) Excetuadas as hipóteses supra, caberá ao órgão colegiado verificar a aplicação da multa, considerando-se as peculiaridades do caso concreto."
1217,OK,,"É válido o ato jurídico de cancelamento automático de precatórios ou requisições federais de pequeno valor realizados entre 06/07/2017 (data da publicação da Lei 13.463/2017) e 06/07/2022 (data da publicação da ata da sessão de julgamento da ADI 5.755/DF), nos termos do art. 2º, caput, e § 1º, da Lei 13.463/2017, desde que caracterizada a inércia do credor em proceder ao levantamento do depósito pelo prazo legalmente estabelecido (dois anos). É ilegal esse mesmo ato se circunstâncias alheias à vontade do credor impediam, ao tempo do cancelamento, o levantamento do valor depositado."
1225,EXCLUIR,"Excluído por regra: aguardando julgamento, irrelevante ou instrução de tema correlato.",Aguardando julgamento de mérito
1229,OK,,"À luz do princípio da causalidade, não cabe fixação de honorários advocatícios quando a exceção de pré-executividade é acolhida para extinguir a execução fiscal em razão do reconhecimento da prescrição intercorrente, prevista no art. 40 da Lei n. 6.830/1980."
1232,OK,,"Nos termos do art. 25 da Lei n. 12.016/2009, não se revela cabível a fixação de honorários de sucumbência em cumprimento de sentença proferida em mandado de segurança individual, ainda que dela resultem efeitos patrimoniais a serem saldados dentro dos mesmos autos."
1242,EXCLUIR,"Excluído por regra: aguardando julgamento, irrelevante ou instrução de tema correlato.",Aguardando julgamento de mérito
1243,EXCLUIR,"Excluído por regra: aguardando julgamento, irrelevante ou instrução de tema correlato.",Aguardando julgamento de mérito
1248,OK,,"Nas execuções fiscais fundadas numa única Certidão de Dívida Ativa, composta por débitos de exercícios diferentes do mesmo tributo, a determinação da alçada, prevista no art. 34, caput e § 1º, da Lei n. 6.830/1980, deverá considerar o total da dívida constante do título executivo."
1250,EXCLUIR,"Excluído por regra: aguardando julgamento, irrelevante ou instrução de tema correlato.",Aguardando julgamento de mérito
1253,OK,,"A extinção do cumprimento de sentença coletivo proposto pelo legitimado extraordinário, por prescrição intercorrente, não impede a execução individual do mesmo título."
1254,EXCLUIR,"Excluído por regra: aguardando julgamento, irrelevante ou instrução de tema correlato.",Aguardando julgamento de mérito
1261,OK,,"I) A exceção à impenhorabilidade do bem de família nos casos de execução de hipoteca sobre o imóvel, oferecido como garantia real pelo casal ou pela entidade familiar, prevista no art. 3º, V, da Lei n. 8.009/1990, restringe-se às hipóteses em que a dívida foi constituída em benefício da entidade familiar: II) em relação ao ônus da prova, a) se o bem for dado em garantia real por um dos sócios de pessoa jurídica, é, em regra, impenhorável, cabendo ao credor o ônus de comprovar que o débito da pessoa jurídica se reverteu em benefício da entidade familiar; e b) caso os únicos sócios da sociedade sejam os titulares do imóvel hipotecado, a regra é da penhorabilidade do bem de família, competindo aos proprietários demonstrar que o débito da pessoajurídica não se reverteu em benefício da entidade familiar."
1265,OK,,"Nos casos em que da Exceção de Pré-Executividade resultar, tão somente, a exclusão do excipiente do polo passivo da Execução Fiscal, os honorários advocatícios deverão ser fixados por apreciação equitativa, nos moldes do art. 85, § 8º, do CPC/2015, porquanto não há como se estimar o proveito econômico obtido com o provimento jurisdicional."
1266,EXCLUIR,"Excluído por regra: aguardando julgamento, irrelevante ou instrução de tema correlato.",Aguardando julgamento de mérito
1267,OK,,"1. A decisão do juiz de primeiro grau que obsta o processamento da apelação viola o § 3º do artigo 1.010 do CPC, caracterizando usurpação da competência do Tribunal, o que autoriza o manejo da reclamação prevista no inciso I do artigo 988 do CPC; 2. Na hipótese em que o juiz da causa negar seguimento à apelação no âmbito de execução ou de cumprimento de sentença, também será cabível agravo de instrumento, por força do disposto no parágrafo único do artigo 1.015 do CPC."
1271,EXCLUIR,"Excluído por regra: aguardando julgamento, irrelevante ou instrução de tema correlato.",Aguardando julgamento de mérito
1273,OK,,"O prazo decadencial do art. 23 da Lei 12.016/2009 não se aplica ao mandado de segurança cuja causa de pedir seja a impugnação de lei ou ato normativo que interfira em obrigações tributárias sucessivas, dado o caráter preventivo da impetração decorrente da ameaça atual, objetiva e permanente de aplicação da norma impugnada."
1279,OK,,"Nas ações de busca e apreensão de bens alienados fiduciariamente, o prazo de 5 dias para pagamento da integralidade da dívida, previsto no art. 3º, § 1º, do Decreto-Lei n. 911/69, começa a fluir a partir da data da execução da medida liminar."
1281,EXCLUIR,"Excluído por regra: aguardando julgamento, irrelevante ou instrução de tema correlato.",Aguardando julgamento de mérito
1282,OK,,"O pagamento de indenização por sinistro não gera para a seguradora a sub-rogação de prerrogativas processuais dos consumidores, em especial quanto à competência na ação regressiva.."
1284,OK,,"A vedação ao reexame necessário da sentença de improcedência ou de extinção do processo sem resolução do mérito, prevista pelos art.17, § 19º, IV c/c art. 17-C, § 3º, da Lei de Improbidade Administrativa, com redação dada pela Lei nº 14.230/2021, não se aplica aos processos em curso, quando a sentença for anterior à vigência da Lei 14.230/21."
1285,EXCLUIR,"Excluído por regra: aguardando julgamento, irrelevante ou instrução de tema correlato.",Aguardando julgamento de mérito
1289,EXCLUIR,"Excluído por regra: aguardando julgamento, irrelevante ou instrução de tema correlato.",Aguardando julgamento de mérito
1296,OK,,"A prévia intimação pessoal do devedor para o cumprimento de obrigação de fazer ou de não fazer especificada na decisão judicial é pressuposto para a incidência da multa coercitiva, nos termos da Súmula n. 410/STJ, cujo teor permanece hígido após a entrada em vigor do CPC de 2015."
1298,OK,,"Aplicam-se os percentuais do art. 27, § 1º, do DL 3.365/41 no arbitramento de honorários sucumbenciais devidos pelo autor em caso de desistência de ação de desapropriação por utilidade pública ou de constituição de servidão administrativa, os quais terão como base de cálculo o valor atualizado da causa. Esses percentuais não se aplicam somente se o valor da causa for muito baixo, caso em que os honorários serão arbitrados por apreciação equitativa do juiz, na forma do art. 85, § 8º, do CPC."
1300,OK,,"Nas ações em que o participante contesta saques em sua conta individualizada do PASEP, o ônus de provar cabe: a) ao participante, quanto aos saques sob as formas de crédito em conta e de pagamento por Folha de Pagamento (PASEP-FOPAG), por ser fato constitutivo de seu direito, na forma do art. 373, I, do CPC, sendo incabível a inversão (art. 6º, VIII, do CDC) ou a redistribuição (art. 373, § 1º, do CPC) do ônus da prova; b) ao réu, quanto aos saques sob a forma de saque em caixa das agências do BB, por ser fato extintivo do direito do autor, na forma do art. 373, II, do CPC."
1302,EXCLUIR,"Excluído por regra: aguardando julgamento, irrelevante ou instrução de tema correlato.",Aguardando julgamento de mérito
1306,EXCLUIR,Duplicado conceitual da tese do Tema 1133.,aplicar (Art. 1040 do CPC)
1309,OK,,"Os sucessores do servidor falecido antes da propositura da ação coletiva não são beneficiados pela decisão transitada em julgado que condena ao pagamento de diferenças, salvo se expressamente contemplados."
1310,EXCLUIR,"Excluído por regra: aguardando julgamento, irrelevante ou instrução de tema correlato.",Aguardando julgamento de mérito
1311,OK,,O curso do prazo prescricional da obrigação de pagar quantia certa pela fazenda pública não é suspenso durante o cumprimento da obrigação de implantar em folha de pagamento imposta na mesma sentença.
1313,OK,,"Nas demandas em que se pleiteia do Poder Público a satisfação do direito à saúde, os honorários advocatícios são fixados por apreciação equitativa, sem aplicação do art. 85, § 8º-A, do CPC."
1317,OK,,A extinção dos embargos à execução fiscal em face da desistência ou da renúncia do direito manifestada para fins de adesão a programa de recuperação fiscal em que já inserida a verba honorária pela cobrança da dívida pública não enseja nova condenação em honorários advocatícios.
1325,EXCLUIR,"Excluído por regra: aguardando julgamento, irrelevante ou instrução de tema correlato.",Aguardando julgamento de mérito
1338,OK,,Suspensão de processos em segundo grau até publicação do acórdão de mérito
1345,EXCLUIR,"Excluído por regra: aguardando julgamento, irrelevante ou instrução de tema correlato.",Aguardando julgamento de mérito
1349,EXCLUIR,"Excluído por regra: aguardando julgamento, irrelevante ou instrução de tema correlato.",Aguardando julgamento de mérito
1384,EXCLUIR,"Excluído por regra: aguardando julgamento, irrelevante ou instrução de tema correlato.",Aguardando julgamento de mérito
1385,OK,,"Na execução fiscal, a fiança bancária ou o seguro garantia oferecido em garantia de execução de crédito tributário não é recusável por inobservância à ordem legal da penhora."
1388,EXCLUIR,"Excluído por regra: aguardando julgamento, irrelevante ou instrução de tema correlato.",Aguardando julgamento de mérito
1392,EXCLUIR,"Excluído por regra: aguardando julgamento, irrelevante ou instrução de tema correlato.",Aguardando julgamento de mérito
1396,EXCLUIR,"Excluído por regra: aguardando julgamento, irrelevante ou instrução de tema correlato.",Aguardando julgamento de mérito
1398,EXCLUIR,"Excluído por regra: aguardando julgamento, irrelevante ou instrução de tema correlato.",Aguardando julgamento de mérito
1399,EXCLUIR,"Excluído por regra: aguardando julgamento, irrelevante ou instrução de tema correlato.",Aguardando julgamento de mérito
1402,OK,,I - A sentença coletiva que condena a administração centralizada ao pagamento de verba remuneratória não pode ser executada por servidores de autarquias e fundações públicas. II - Os servidores que integravam os quadros de autarquias e de fundações públicas do Distrito Federal na data da propositura da Ação Coletiva n. 32.159/97 não foram beneficiados pela coisa julgada.
1409,EXCLUIR,"Excluído por regra: aguardando julgamento, irrelevante ou instrução de tema correlato.",Aguardando julgamento de mérito
1413,EXCLUIR,"Excluído por regra: aguardando julgamento, irrelevante ou instrução de tema correlato.",Aguardando julgamento de mérito
1418,EXCLUIR,"Excluído por regra: aguardando julgamento, irrelevante ou instrução de tema correlato.",Aguardando julgamento de mérito
